{
    "loss": 1.0353699922561646,
    "accuracy": 0.818965494632721
}